"Field or message ID","Information needed","English question or message (reference)","English follow-up (reference)","Tagalog question or message (fill in)","Bisaya question or message (fill in)","Tagalog follow-up (fill in)","Bisaya follow-up (fill in)","Writer","Checker","Review date (YYYY-MM-DD)","Status (Not started / Draft / Reviewed / Needs revision)","Wording notes"
"age","Age in years","How old are you, in years?","N/A","","","N/A","N/A","","","","Not started","Adult demo: 18 years and above. No separate detail follow-up."
"reported_sex","Reported sex","What sex do you report?","What sex do you report?","","","","","","","","Not started","Use the definition and wording agreed with the nurse."
"main_complaint","Main reason for seeking help","What is your main concern?","What specific problem brought you here?","","","","","","","","Not started","Ask for the specific concern only when the answer is vague."
"symptom_description","What the person feels and relevant symptom details","What does it feel like?","Where is it, and what does it feel like?","","","","","","","","Not started","Ask for missing location or description only when needed."
"other_symptoms","Other symptoms the person reports","Any other symptoms?","Which other symptoms?","","","","","","","","Not started","Keep an explicit none separate from unknown."
"known_conditions","Existing known medical conditions","Any known medical conditions?","Which conditions have you been told you have?","","","","","","","","Not started","Ask for reported conditions. Do not infer a diagnosis."
"allergies","Known allergies","Any known allergies?","What are you allergic to?","","","","","","","","Not started","Ask what the person is allergic to only when clarification is needed."
"maintenance_medications","Medicines taken regularly","Do you take any regular medications?","What are the names of your regular medications?","","","","","","","","Not started","Ask for names if the reply only confirms medicine use. Do not request doses."
"onset","When the symptoms started","When did this start?","Do you know when it started?","","","","","","","","Not started","Do not ask again if the timing is already clear."
"duration","How long symptoms have lasted","How long has it been going on?","About how many minutes, hours or days?","","","","","","","","Not started","A clear timing answer may already cover onset and duration."
"reported_severity","Reported symptom severity or effect on activities","How strong is it, or how does it affect what you can do?","How does it affect what you can do?","","","","","","","","Not started","Do not invent a pain score or require one for every symptom."
"worsening","Whether symptoms are worsening, improving, or unchanged","Is it getting worse, improving, or staying the same?","How has it changed?","","","","","","","","Not started","Preserve all three possibilities in the question."
"tests_completed","Tests already performed: names or context only","Any tests already done? Names only.","What tests were done? Names only.","","","","","","","","Not started","Do not request test results or measured values."
"tests_requested","Tests already requested by a clinician: names or context only","Any tests requested by a clinician? Names only.","What tests did the clinician request? Names only.","","","","","","","","Not started","Do not suggest new tests or request test results."
"medical_devices","Existing medical devices or catheters being used","Do you use any medical device or catheter?","What device or catheter do you use?","","","","","","","","Not started","Ask for the name or type when needed."
"conversation.welcome","Greeting, stub number, fictional-demo context, and permission to skip unknowns","Hi! Your stub is :stub. Tell me about the fictional case in your own words. I’ll pick up the details you share and ask only for what’s still missing. You can skip anything you don’t know.","N/A","","","N/A","N/A","","","","Not started","Keep :stub exactly as written."
"conversation.opening","Invite the person to explain their main concern","What brings you in today? Tell me what you’re feeling.","N/A","","","N/A","N/A","","","","Not started","Keep the question open and conversational."
"conversation.ready","Ask the person to review collected details before submitting","Thanks, that’s enough to review. I’ve put your answers together below. Check or correct anything before submitting.","N/A","","","N/A","N/A","","","","Not started","Refer to the review section below the conversation."
"conversation.retry","Explain that the reply could not be processed and can be sent again","I couldn’t read that reply just now. Your draft is still here. Please send it again, or skip these details for now.","N/A","","","N/A","N/A","","","","Not started","Keep the options to retry or skip."
"conversation.reviewed","Record that the person reviewed and corrected collected details","I reviewed and corrected the collected details before submitting.","N/A","","","N/A","N/A","","","","Not started","This message is written from the person's perspective."
"messages.unknown","Unknown or information not provided","Unknown / not supplied","N/A","","","N/A","N/A","","","","Not started","Do not translate this as none or no symptoms."
"messages.noMoreDetails","No additional details were provided","No further details supplied","N/A","","","N/A","N/A","","","","Not started","This does not mean the original symptom or condition is absent."
"ui.skip","Button for unknown information or skipping a question","I don’t know / skip","N/A","","","N/A","N/A","","","","Not started","Use a short button label."
"ui.skipFollowUp","Button for continuing without more detail","Continue without more details","N/A","","","N/A","N/A","","","","Not started","Use a short button label."
